nr_doc,Heterogenous Graph,Hybrid Model,PageSum,Reina,Centrum
2 documents,44.684,47.41,47.4596026204073,45.11,46.36
3 documents,45.333,46.69,46.42513149618562,44.2,44.08
4 documents,45.189,45.98,44.85002318971282,43.14,42.27
5 documents,45.4275,44.57,42.85216905200262,40.82,39.35
6 documents,45.274,43.44,41.96039562805316,39.66,37.37
>6 documents,43.8652,41.43,39.021961510588014,37.83,35.65
