nr_doc,Heterogenous graph,Hybrid Model,PageSum,Reina,Centrum
2 documents,22.11,24.76,25.382230879743886,23.23,25.07
3 documents,20.37,22.54,22.83621050579224,20.93,21.84
4 documents,19.798,21.94,21.561729915264102,20.21,20.9
5 documents,19.2646,20.44,20.16826364137216,18.02,19.39
6 documents,19.33,20.38,19.288397937508478,18.25,18.89
>6 documents,16.954,17.95,16.962125819859367,16.09,16.82
