nr_doc,Heterogenous graph,Hybrid model,PageSum,Reina,Centrum
2 documents,17.312,18.69,19.49460942488046,16.62,18.72
3 documents,15.89,16.87,17.430264745438624,14.42,15.6
4 documents,15.117,16.27,16.075675120752994,13.55,14.73
5 documents,14.6576,14.72,14.671773018641872,11.09,13.16
6 documents,14.61,15.02,14.180843920237772,11.56,12.47
>6 documents,11.762,11.49,10.26964516720734,8.48,9.83
